{
  "title": "Images in Next.js",
  "date": "2020-11-11T00:00:00.000Z",
  "tags": [
    "next js",
    "guide"
  ],
  "draft": false,
  "summary": "In this article we introduce adding images in the tailwind starter blog and the benefits and limitations of the next/image component.",
  "authors": [
    "sparrowhawk"
  ],
  "body": {
    "raw": "\n# Introduction\n\nThe tailwind starter blog has out of the box support for [Next.js's built-in image component](https://nextjs.org/docs/api-reference/next/image) and automatically swaps out default image tags in markdown or mdx documents to use the Image component provided.\n\n# Usage\n\nTo use in a new page route / javascript file, simply import the image component and call it e.g.\n\n```js\nimport Image from 'next/image'\n\nfunction Home() {\n  return (\n    <>\n      <h1>My Homepage</h1>\n      <Image src=\"/me.png\" alt=\"Picture of the author\" width={500} height={500} />\n      <p>Welcome to my homepage!</p>\n    </>\n  )\n}\n\nexport default Home\n```\n\nFor a markdown file, the default image tag can be used and the default `img` tag gets replaced by the `Image` component in the build process.\n\nAssuming we have a file called `ocean.jpg` in `static/images/ocean.jpg`, the following line of code would generate the optimized image.\n\n```\n![ocean](/static/images/ocean.jpg)\n```\n\nAlternatively, since we are using mdx, we can just use the image component directly! Note, that you would have to provide a fixed width and height. The `img` tag method parses the dimension automatically.\n\n```js\n<Image alt=\"ocean\" src=\"/static/images/ocean.jpg\" width={256} height={128} />\n```\n\n_Note_: If you try to save the image, it is in webp format, if your browser supports it!\n\n![ocean](/static/images/ocean.jpeg)\n\nPhoto by [YUCAR FotoGrafik](https://unsplash.com/@yucar?utm_source=unsplash&utm_medium=referral&utm_content=creditCopyText)\non [Unsplash](https://unsplash.com/s/photos/sea?utm_source=unsplash&utm_medium=referral&utm_content=creditCopyText)\n\n# Benefits\n\n- Smaller image size with Webp (~30% smaller than jpeg)\n- Responsive images - the correct image size is served based on the user's viewport\n- Lazy loading - images load as they are scrolled to the viewport\n- Avoids [Cumulative Layout Shift](https://web.dev/cls/)\n- Optimization on demand instead of build-time - no increase in build time!\n\n# Limitations\n\n- Due to the reliance on `next/image`, unless you are using an external image CDN like Cloudinary or Imgix, it is practically required to use Vercel for hosting. This is because the component acts like a serverless function that calls a highly optimized image CDN.\n\n  If you do not want to be tied to Vercel, you can remove `imgToJsx` in `remarkPlugins` in `lib/mdx.js`. This would avoid substituting the default `img` tag.\n\n  Alternatively, one could wait for image optimization at build time to be supported. A different library, [next-optimized-images](https://github.com/cyrilwanner/next-optimized-images) does that, although it requires transforming the images through webpack which is not done here.\n\n- Images from external links are not passed through `next/image`\n- All images have to be stored in the `public` folder e.g `/static/images/ocean.jpeg`\n",
    "code": "var Component=(()=>{var m=Object.create;var t=Object.defineProperty;var p=Object.getOwnPropertyDescriptor;var u=Object.getOwnPropertyNames;var g=Object.getPrototypeOf,N=Object.prototype.hasOwnProperty;var k=(n,e)=>()=>(e||n((e={exports:{}}).exports,e),e.exports),f=(n,e)=>{for(var s in e)t(n,s,{get:e[s],enumerable:!0})},c=(n,e,s,i)=>{if(e&&typeof e==\"object\"||typeof e==\"function\")for(let l of u(e))!N.call(n,l)&&l!==s&&t(n,l,{get:()=>e[l],enumerable:!(i=p(e,l))||i.enumerable});return n};var w=(n,e,s)=>(s=n!=null?m(g(n)):{},c(e||!n||!n.__esModule?t(s,\"default\",{value:n,enumerable:!0}):s,n)),y=n=>c(t({},\"__esModule\",{value:!0}),n);var r=k((I,o)=>{o.exports=_jsx_runtime});var v={};f(v,{default:()=>h,frontmatter:()=>b});var a=w(r()),b={title:\"Images in Next.js\",date:\"2020-11-11\",tags:[\"next js\",\"guide\"],draft:!1,summary:\"In this article we introduce adding images in the tailwind starter blog and the benefits and limitations of the next/image component.\",authors:[\"sparrowhawk\"]};function d(n){let e={a:\"a\",code:\"code\",div:\"div\",em:\"em\",h1:\"h1\",li:\"li\",p:\"p\",path:\"path\",pre:\"pre\",span:\"span\",svg:\"svg\",ul:\"ul\",...n.components},{Image:s}=e;return s||x(\"Image\",!0),(0,a.jsxs)(a.Fragment,{children:[(0,a.jsxs)(e.h1,{className:\"content-header\",id:\"introduction\",children:[(0,a.jsx)(e.a,{href:\"#introduction\",\"aria-hidden\":\"true\",tabIndex:\"-1\",children:(0,a.jsx)(a.Fragment,{children:(0,a.jsx)(e.span,{className:\"content-header-link\",children:(0,a.jsxs)(e.svg,{className:\"h-5 linkicon w-5\",fill:\"currentColor\",viewBox:\"0 0 20 20\",xmlns:\"http://www.w3.org/2000/svg\",children:[(0,a.jsx)(e.path,{d:\"M12.232 4.232a2.5 2.5 0 0 1 3.536 3.536l-1.225 1.224a.75.75 0 0 0 1.061 1.06l1.224-1.224a4 4 0 0 0-5.656-5.656l-3 3a4 4 0 0 0 .225 5.865.75.75 0 0 0 .977-1.138 2.5 2.5 0 0 1-.142-3.667l3-3Z\"}),(0,a.jsx)(e.path,{d:\"M11.603 7.963a.75.75 0 0 0-.977 1.138 2.5 2.5 0 0 1 .142 3.667l-3 3a2.5 2.5 0 0 1-3.536-3.536l1.225-1.224a.75.75 0 0 0-1.061-1.06l-1.224 1.224a4 4 0 1 0 5.656 5.656l3-3a4 4 0 0 0-.225-5.865Z\"})]})})})}),\"Introduction\"]}),(0,a.jsxs)(e.p,{children:[\"The tailwind starter blog has out of the box support for \",(0,a.jsx)(e.a,{href:\"https://nextjs.org/docs/api-reference/next/image\",children:\"Next.js's built-in image component\"}),\" and automatically swaps out default image tags in markdown or mdx documents to use the Image component provided.\"]}),(0,a.jsxs)(e.h1,{className:\"content-header\",id:\"usage\",children:[(0,a.jsx)(e.a,{href:\"#usage\",\"aria-hidden\":\"true\",tabIndex:\"-1\",children:(0,a.jsx)(a.Fragment,{children:(0,a.jsx)(e.span,{className:\"content-header-link\",children:(0,a.jsxs)(e.svg,{className:\"h-5 linkicon w-5\",fill:\"currentColor\",viewBox:\"0 0 20 20\",xmlns:\"http://www.w3.org/2000/svg\",children:[(0,a.jsx)(e.path,{d:\"M12.232 4.232a2.5 2.5 0 0 1 3.536 3.536l-1.225 1.224a.75.75 0 0 0 1.061 1.06l1.224-1.224a4 4 0 0 0-5.656-5.656l-3 3a4 4 0 0 0 .225 5.865.75.75 0 0 0 .977-1.138 2.5 2.5 0 0 1-.142-3.667l3-3Z\"}),(0,a.jsx)(e.path,{d:\"M11.603 7.963a.75.75 0 0 0-.977 1.138 2.5 2.5 0 0 1 .142 3.667l-3 3a2.5 2.5 0 0 1-3.536-3.536l1.225-1.224a.75.75 0 0 0-1.061-1.06l-1.224 1.224a4 4 0 1 0 5.656 5.656l3-3a4 4 0 0 0-.225-5.865Z\"})]})})})}),\"Usage\"]}),(0,a.jsx)(e.p,{children:\"To use in a new page route / javascript file, simply import the image component and call it e.g.\"}),(0,a.jsx)(e.pre,{className:\"language-js\",children:(0,a.jsxs)(e.code,{className:\"language-js code-highlight\",children:[(0,a.jsxs)(e.span,{className:\"code-line\",children:[(0,a.jsx)(e.span,{className:\"token keyword module\",children:\"import\"}),\" \",(0,a.jsx)(e.span,{className:\"token imports\",children:(0,a.jsx)(e.span,{className:\"token maybe-class-name\",children:\"Image\"})}),\" \",(0,a.jsx)(e.span,{className:\"token keyword module\",children:\"from\"}),\" \",(0,a.jsx)(e.span,{className:\"token string\",children:\"'next/image'\"}),`\n`]}),(0,a.jsx)(e.span,{className:\"code-line\",children:`\n`}),(0,a.jsxs)(e.span,{className:\"code-line\",children:[(0,a.jsx)(e.span,{className:\"token keyword\",children:\"function\"}),\" \",(0,a.jsx)(e.span,{className:\"token function\",children:(0,a.jsx)(e.span,{className:\"token maybe-class-name\",children:\"Home\"})}),(0,a.jsx)(e.span,{className:\"token punctuation\",children:\"(\"}),(0,a.jsx)(e.span,{className:\"token punctuation\",children:\")\"}),\" \",(0,a.jsx)(e.span,{className:\"token punctuation\",children:\"{\"}),`\n`]}),(0,a.jsxs)(e.span,{className:\"code-line\",children:[\"  \",(0,a.jsx)(e.span,{className:\"token keyword control-flow\",children:\"return\"}),\" \",(0,a.jsx)(e.span,{className:\"token punctuation\",children:\"(\"}),`\n`]}),(0,a.jsxs)(e.span,{className:\"code-line\",children:[\"    \",(0,a.jsx)(e.span,{className:\"token operator\",children:\"<\"}),(0,a.jsx)(e.span,{className:\"token operator\",children:\">\"}),`\n`]}),(0,a.jsxs)(e.span,{className:\"code-line\",children:[\"      \",(0,a.jsx)(e.span,{className:\"token operator\",children:\"<\"}),\"h1\",(0,a.jsx)(e.span,{className:\"token operator\",children:\">\"}),(0,a.jsx)(e.span,{className:\"token maybe-class-name\",children:\"My\"}),\" \",(0,a.jsx)(e.span,{className:\"token maybe-class-name\",children:\"Homepage\"}),(0,a.jsx)(e.span,{className:\"token operator\",children:\"<\"}),(0,a.jsx)(e.span,{className:\"token operator\",children:\"/\"}),\"h1\",(0,a.jsx)(e.span,{className:\"token operator\",children:\">\"}),`\n`]}),(0,a.jsxs)(e.span,{className:\"code-line\",children:[\"      \",(0,a.jsx)(e.span,{className:\"token operator\",children:\"<\"}),(0,a.jsx)(e.span,{className:\"token maybe-class-name\",children:\"Image\"}),\" src\",(0,a.jsx)(e.span,{className:\"token operator\",children:\"=\"}),(0,a.jsx)(e.span,{className:\"token string\",children:'\"/me.png\"'}),\" alt\",(0,a.jsx)(e.span,{className:\"token operator\",children:\"=\"}),(0,a.jsx)(e.span,{className:\"token string\",children:'\"Picture of the author\"'}),\" width\",(0,a.jsx)(e.span,{className:\"token operator\",children:\"=\"}),(0,a.jsx)(e.span,{className:\"token punctuation\",children:\"{\"}),(0,a.jsx)(e.span,{className:\"token number\",children:\"500\"}),(0,a.jsx)(e.span,{className:\"token punctuation\",children:\"}\"}),\" height\",(0,a.jsx)(e.span,{className:\"token operator\",children:\"=\"}),(0,a.jsx)(e.span,{className:\"token punctuation\",children:\"{\"}),(0,a.jsx)(e.span,{className:\"token number\",children:\"500\"}),(0,a.jsx)(e.span,{className:\"token punctuation\",children:\"}\"}),\" \",(0,a.jsx)(e.span,{className:\"token operator\",children:\"/\"}),(0,a.jsx)(e.span,{className:\"token operator\",children:\">\"}),`\n`]}),(0,a.jsxs)(e.span,{className:\"code-line\",children:[\"      \",(0,a.jsx)(e.span,{className:\"token operator\",children:\"<\"}),\"p\",(0,a.jsx)(e.span,{className:\"token operator\",children:\">\"}),(0,a.jsx)(e.span,{className:\"token maybe-class-name\",children:\"Welcome\"}),\" to my homepage\",(0,a.jsx)(e.span,{className:\"token operator\",children:\"!\"}),(0,a.jsx)(e.span,{className:\"token operator\",children:\"<\"}),(0,a.jsx)(e.span,{className:\"token operator\",children:\"/\"}),\"p\",(0,a.jsx)(e.span,{className:\"token operator\",children:\">\"}),`\n`]}),(0,a.jsxs)(e.span,{className:\"code-line\",children:[\"    \",(0,a.jsx)(e.span,{className:\"token operator\",children:\"<\"}),(0,a.jsx)(e.span,{className:\"token operator\",children:\"/\"}),(0,a.jsx)(e.span,{className:\"token operator\",children:\">\"}),`\n`]}),(0,a.jsxs)(e.span,{className:\"code-line\",children:[\"  \",(0,a.jsx)(e.span,{className:\"token punctuation\",children:\")\"}),`\n`]}),(0,a.jsxs)(e.span,{className:\"code-line\",children:[(0,a.jsx)(e.span,{className:\"token punctuation\",children:\"}\"}),`\n`]}),(0,a.jsx)(e.span,{className:\"code-line\",children:`\n`}),(0,a.jsxs)(e.span,{className:\"code-line\",children:[(0,a.jsx)(e.span,{className:\"token keyword module\",children:\"export\"}),\" \",(0,a.jsx)(e.span,{className:\"token keyword module\",children:\"default\"}),\" \",(0,a.jsx)(e.span,{className:\"token maybe-class-name\",children:\"Home\"}),`\n`]})]})}),(0,a.jsxs)(e.p,{children:[\"For a markdown file, the default image tag can be used and the default \",(0,a.jsx)(e.code,{children:\"img\"}),\" tag gets replaced by the \",(0,a.jsx)(e.code,{children:\"Image\"}),\" component in the build process.\"]}),(0,a.jsxs)(e.p,{children:[\"Assuming we have a file called \",(0,a.jsx)(e.code,{children:\"ocean.jpg\"}),\" in \",(0,a.jsx)(e.code,{children:\"static/images/ocean.jpg\"}),\", the following line of code would generate the optimized image.\"]}),(0,a.jsx)(e.pre,{className:\"language-js\",children:(0,a.jsx)(e.code,{className:\"language-js code-highlight\",children:(0,a.jsxs)(e.span,{className:\"code-line\",children:[(0,a.jsx)(e.span,{className:\"token operator\",children:\"!\"}),(0,a.jsx)(e.span,{className:\"token punctuation\",children:\"[\"}),\"ocean\",(0,a.jsx)(e.span,{className:\"token punctuation\",children:\"]\"}),(0,a.jsx)(e.span,{className:\"token punctuation\",children:\"(\"}),(0,a.jsx)(e.span,{className:\"token operator\",children:\"/\"}),(0,a.jsx)(e.span,{className:\"token keyword\",children:\"static\"}),(0,a.jsx)(e.span,{className:\"token operator\",children:\"/\"}),\"images\",(0,a.jsx)(e.span,{className:\"token operator\",children:\"/\"}),\"ocean\",(0,a.jsx)(e.span,{className:\"token punctuation\",children:\".\"}),(0,a.jsx)(e.span,{className:\"token property-access\",children:\"jpg\"}),(0,a.jsx)(e.span,{className:\"token punctuation\",children:\")\"}),`\n`]})})}),(0,a.jsxs)(e.p,{children:[\"Alternatively, since we are using mdx, we can just use the image component directly! Note, that you would have to provide a fixed width and height. The \",(0,a.jsx)(e.code,{children:\"img\"}),\" tag method parses the dimension automatically.\"]}),(0,a.jsx)(e.pre,{className:\"language-js\",children:(0,a.jsx)(e.code,{className:\"language-js code-highlight\",children:(0,a.jsxs)(e.span,{className:\"code-line\",children:[(0,a.jsx)(e.span,{className:\"token operator\",children:\"<\"}),(0,a.jsx)(e.span,{className:\"token maybe-class-name\",children:\"Image\"}),\" alt\",(0,a.jsx)(e.span,{className:\"token operator\",children:\"=\"}),(0,a.jsx)(e.span,{className:\"token string\",children:'\"ocean\"'}),\" src\",(0,a.jsx)(e.span,{className:\"token operator\",children:\"=\"}),(0,a.jsx)(e.span,{className:\"token string\",children:'\"/static/images/ocean.jpg\"'}),\" width\",(0,a.jsx)(e.span,{className:\"token operator\",children:\"=\"}),(0,a.jsx)(e.span,{className:\"token punctuation\",children:\"{\"}),(0,a.jsx)(e.span,{className:\"token number\",children:\"256\"}),(0,a.jsx)(e.span,{className:\"token punctuation\",children:\"}\"}),\" height\",(0,a.jsx)(e.span,{className:\"token operator\",children:\"=\"}),(0,a.jsx)(e.span,{className:\"token punctuation\",children:\"{\"}),(0,a.jsx)(e.span,{className:\"token number\",children:\"128\"}),(0,a.jsx)(e.span,{className:\"token punctuation\",children:\"}\"}),\" \",(0,a.jsx)(e.span,{className:\"token operator\",children:\"/\"}),(0,a.jsx)(e.span,{className:\"token operator\",children:\">\"}),`\n`]})})}),(0,a.jsxs)(e.p,{children:[(0,a.jsx)(e.em,{children:\"Note\"}),\": If you try to save the image, it is in webp format, if your browser supports it!\"]}),(0,a.jsx)(e.div,{children:(0,a.jsx)(s,{alt:\"ocean\",src:\"/static/images/ocean.jpeg\",width:\"1920\",height:\"1280\"})}),(0,a.jsxs)(e.p,{children:[\"Photo by \",(0,a.jsx)(e.a,{href:\"https://unsplash.com/@yucar?utm_source=unsplash&utm_medium=referral&utm_content=creditCopyText\",children:\"YUCAR FotoGrafik\"}),\" on \",(0,a.jsx)(e.a,{href:\"https://unsplash.com/s/photos/sea?utm_source=unsplash&utm_medium=referral&utm_content=creditCopyText\",children:\"Unsplash\"})]}),(0,a.jsxs)(e.h1,{className:\"content-header\",id:\"benefits\",children:[(0,a.jsx)(e.a,{href:\"#benefits\",\"aria-hidden\":\"true\",tabIndex:\"-1\",children:(0,a.jsx)(a.Fragment,{children:(0,a.jsx)(e.span,{className:\"content-header-link\",children:(0,a.jsxs)(e.svg,{className:\"h-5 linkicon w-5\",fill:\"currentColor\",viewBox:\"0 0 20 20\",xmlns:\"http://www.w3.org/2000/svg\",children:[(0,a.jsx)(e.path,{d:\"M12.232 4.232a2.5 2.5 0 0 1 3.536 3.536l-1.225 1.224a.75.75 0 0 0 1.061 1.06l1.224-1.224a4 4 0 0 0-5.656-5.656l-3 3a4 4 0 0 0 .225 5.865.75.75 0 0 0 .977-1.138 2.5 2.5 0 0 1-.142-3.667l3-3Z\"}),(0,a.jsx)(e.path,{d:\"M11.603 7.963a.75.75 0 0 0-.977 1.138 2.5 2.5 0 0 1 .142 3.667l-3 3a2.5 2.5 0 0 1-3.536-3.536l1.225-1.224a.75.75 0 0 0-1.061-1.06l-1.224 1.224a4 4 0 1 0 5.656 5.656l3-3a4 4 0 0 0-.225-5.865Z\"})]})})})}),\"Benefits\"]}),(0,a.jsxs)(e.ul,{children:[(0,a.jsx)(e.li,{children:\"Smaller image size with Webp (~30% smaller than jpeg)\"}),(0,a.jsx)(e.li,{children:\"Responsive images - the correct image size is served based on the user's viewport\"}),(0,a.jsx)(e.li,{children:\"Lazy loading - images load as they are scrolled to the viewport\"}),(0,a.jsxs)(e.li,{children:[\"Avoids \",(0,a.jsx)(e.a,{href:\"https://web.dev/cls/\",children:\"Cumulative Layout Shift\"})]}),(0,a.jsx)(e.li,{children:\"Optimization on demand instead of build-time - no increase in build time!\"})]}),(0,a.jsxs)(e.h1,{className:\"content-header\",id:\"limitations\",children:[(0,a.jsx)(e.a,{href:\"#limitations\",\"aria-hidden\":\"true\",tabIndex:\"-1\",children:(0,a.jsx)(a.Fragment,{children:(0,a.jsx)(e.span,{className:\"content-header-link\",children:(0,a.jsxs)(e.svg,{className:\"h-5 linkicon w-5\",fill:\"currentColor\",viewBox:\"0 0 20 20\",xmlns:\"http://www.w3.org/2000/svg\",children:[(0,a.jsx)(e.path,{d:\"M12.232 4.232a2.5 2.5 0 0 1 3.536 3.536l-1.225 1.224a.75.75 0 0 0 1.061 1.06l1.224-1.224a4 4 0 0 0-5.656-5.656l-3 3a4 4 0 0 0 .225 5.865.75.75 0 0 0 .977-1.138 2.5 2.5 0 0 1-.142-3.667l3-3Z\"}),(0,a.jsx)(e.path,{d:\"M11.603 7.963a.75.75 0 0 0-.977 1.138 2.5 2.5 0 0 1 .142 3.667l-3 3a2.5 2.5 0 0 1-3.536-3.536l1.225-1.224a.75.75 0 0 0-1.061-1.06l-1.224 1.224a4 4 0 1 0 5.656 5.656l3-3a4 4 0 0 0-.225-5.865Z\"})]})})})}),\"Limitations\"]}),(0,a.jsxs)(e.ul,{children:[(0,a.jsxs)(e.li,{children:[(0,a.jsxs)(e.p,{children:[\"Due to the reliance on \",(0,a.jsx)(e.code,{children:\"next/image\"}),\", unless you are using an external image CDN like Cloudinary or Imgix, it is practically required to use Vercel for hosting. This is because the component acts like a serverless function that calls a highly optimized image CDN.\"]}),(0,a.jsxs)(e.p,{children:[\"If you do not want to be tied to Vercel, you can remove \",(0,a.jsx)(e.code,{children:\"imgToJsx\"}),\" in \",(0,a.jsx)(e.code,{children:\"remarkPlugins\"}),\" in \",(0,a.jsx)(e.code,{children:\"lib/mdx.js\"}),\". This would avoid substituting the default \",(0,a.jsx)(e.code,{children:\"img\"}),\" tag.\"]}),(0,a.jsxs)(e.p,{children:[\"Alternatively, one could wait for image optimization at build time to be supported. A different library, \",(0,a.jsx)(e.a,{href:\"https://github.com/cyrilwanner/next-optimized-images\",children:\"next-optimized-images\"}),\" does that, although it requires transforming the images through webpack which is not done here.\"]})]}),(0,a.jsx)(e.li,{children:(0,a.jsxs)(e.p,{children:[\"Images from external links are not passed through \",(0,a.jsx)(e.code,{children:\"next/image\"})]})}),(0,a.jsx)(e.li,{children:(0,a.jsxs)(e.p,{children:[\"All images have to be stored in the \",(0,a.jsx)(e.code,{children:\"public\"}),\" folder e.g \",(0,a.jsx)(e.code,{children:\"/static/images/ocean.jpeg\"})]})})]})]})}function h(n={}){let{wrapper:e}=n.components||{};return e?(0,a.jsx)(e,{...n,children:(0,a.jsx)(d,{...n})}):d(n)}function x(n,e){throw new Error(\"Expected \"+(e?\"component\":\"object\")+\" `\"+n+\"` to be defined: you likely forgot to import, pass, or provide it.\")}return y(v);})();\n;return Component;"
  },
  "_id": "blog/guide-to-using-images-in-nextjs.mdx",
  "_raw": {
    "sourceFilePath": "blog/guide-to-using-images-in-nextjs.mdx",
    "sourceFileName": "guide-to-using-images-in-nextjs.mdx",
    "sourceFileDir": "blog",
    "contentType": "mdx",
    "flattenedPath": "blog/guide-to-using-images-in-nextjs"
  },
  "type": "Blog",
  "readingTime": {
    "text": "2 min read",
    "minutes": 1.95,
    "time": 117000,
    "words": 390
  },
  "slug": "guide-to-using-images-in-nextjs",
  "path": "blog/guide-to-using-images-in-nextjs",
  "filePath": "blog/guide-to-using-images-in-nextjs.mdx",
  "toc": [
    {
      "value": "Introduction",
      "url": "#introduction-1",
      "depth": 1
    },
    {
      "value": "Usage",
      "url": "#usage",
      "depth": 1
    },
    {
      "value": "Benefits",
      "url": "#benefits",
      "depth": 1
    },
    {
      "value": "Limitations",
      "url": "#limitations",
      "depth": 1
    }
  ],
  "structuredData": {
    "@context": "https://schema.org",
    "@type": "BlogPosting",
    "headline": "Images in Next.js",
    "datePublished": "2020-11-11T00:00:00.000Z",
    "dateModified": "2020-11-11T00:00:00.000Z",
    "description": "In this article we introduce adding images in the tailwind starter blog and the benefits and limitations of the next/image component.",
    "image": "/static/images/twitter-card.png",
    "url": "https://tailwind-nextjs-starter-blog.vercel.app/blog/guide-to-using-images-in-nextjs"
  }
}