{
  "title": "Sample .md file",
  "date": "2016-03-08T00:00:00.000Z",
  "tags": [
    "markdown",
    "code",
    "features"
  ],
  "draft": false,
  "summary": "Example of a markdown file with code blocks and syntax highlighting",
  "body": {
    "raw": "\nA sample post with markdown.\n\n## Inline Highlighting\n\nSample of inline highlighting `sum = parseInt(num1) + parseInt(num2)`\n\n## Code Blocks\n\nSome Javascript code\n\n```javascript\nvar num1, num2, sum\nnum1 = prompt('Enter first number')\nnum2 = prompt('Enter second number')\nsum = parseInt(num1) + parseInt(num2) // \"+\" means \"add\"\nalert('Sum = ' + sum) // \"+\" means combine into a string\n```\n\nSome Python code 🐍\n\n```python\ndef fib():\n    a, b = 0, 1\n    while True:            # First iteration:\n        yield a            # yield 0 to start with and then\n        a, b = b, a + b    # a will now be 1, and b will also be 1, (0 + 1)\n\nfor index, fibonacci_number in zip(range(10), fib()):\n     print('{i:3}: {f:3}'.format(i=index, f=fibonacci_number))\n```\n",
    "code": "var Component=(()=>{var h=Object.create;var l=Object.defineProperty;var m=Object.getOwnPropertyDescriptor;var u=Object.getOwnPropertyNames;var N=Object.getPrototypeOf,k=Object.prototype.hasOwnProperty;var g=(a,n)=>()=>(n||a((n={exports:{}}).exports,n),n.exports),f=(a,n)=>{for(var s in n)l(a,s,{get:n[s],enumerable:!0})},i=(a,n,s,t)=>{if(n&&typeof n==\"object\"||typeof n==\"function\")for(let c of u(n))!k.call(a,c)&&c!==s&&l(a,c,{get:()=>n[c],enumerable:!(t=m(n,c))||t.enumerable});return a};var w=(a,n,s)=>(s=a!=null?h(N(a)):{},i(n||!a||!a.__esModule?l(s,\"default\",{value:a,enumerable:!0}):s,a)),b=a=>i(l({},\"__esModule\",{value:!0}),a);var r=g((_,o)=>{o.exports=_jsx_runtime});var y={};f(y,{default:()=>p,frontmatter:()=>x});var e=w(r()),x={title:\"Sample .md file\",date:\"2016-03-08\",tags:[\"markdown\",\"code\",\"features\"],draft:!1,summary:\"Example of a markdown file with code blocks and syntax highlighting\"};function d(a){let n={a:\"a\",code:\"code\",h2:\"h2\",p:\"p\",path:\"path\",pre:\"pre\",span:\"span\",svg:\"svg\",...a.components};return(0,e.jsxs)(e.Fragment,{children:[(0,e.jsx)(n.p,{children:\"A sample post with markdown.\"}),(0,e.jsxs)(n.h2,{className:\"content-header\",id:\"inline-highlighting\",children:[(0,e.jsx)(n.a,{\"aria-hidden\":\"true\",href:\"#inline-highlighting\",tabIndex:\"-1\",children:(0,e.jsx)(e.Fragment,{children:(0,e.jsx)(n.span,{className:\"content-header-link\",children:(0,e.jsxs)(n.svg,{className:\"h-5 linkicon w-5\",fill:\"currentColor\",viewBox:\"0 0 20 20\",xmlns:\"http://www.w3.org/2000/svg\",children:[(0,e.jsx)(n.path,{d:\"M12.232 4.232a2.5 2.5 0 0 1 3.536 3.536l-1.225 1.224a.75.75 0 0 0 1.061 1.06l1.224-1.224a4 4 0 0 0-5.656-5.656l-3 3a4 4 0 0 0 .225 5.865.75.75 0 0 0 .977-1.138 2.5 2.5 0 0 1-.142-3.667l3-3Z\"}),(0,e.jsx)(n.path,{d:\"M11.603 7.963a.75.75 0 0 0-.977 1.138 2.5 2.5 0 0 1 .142 3.667l-3 3a2.5 2.5 0 0 1-3.536-3.536l1.225-1.224a.75.75 0 0 0-1.061-1.06l-1.224 1.224a4 4 0 1 0 5.656 5.656l3-3a4 4 0 0 0-.225-5.865Z\"})]})})})}),\"Inline Highlighting\"]}),(0,e.jsxs)(n.p,{children:[\"Sample of inline highlighting \",(0,e.jsx)(n.code,{children:\"sum = parseInt(num1) + parseInt(num2)\"})]}),(0,e.jsxs)(n.h2,{className:\"content-header\",id:\"code-blocks\",children:[(0,e.jsx)(n.a,{\"aria-hidden\":\"true\",href:\"#code-blocks\",tabIndex:\"-1\",children:(0,e.jsx)(e.Fragment,{children:(0,e.jsx)(n.span,{className:\"content-header-link\",children:(0,e.jsxs)(n.svg,{className:\"h-5 linkicon w-5\",fill:\"currentColor\",viewBox:\"0 0 20 20\",xmlns:\"http://www.w3.org/2000/svg\",children:[(0,e.jsx)(n.path,{d:\"M12.232 4.232a2.5 2.5 0 0 1 3.536 3.536l-1.225 1.224a.75.75 0 0 0 1.061 1.06l1.224-1.224a4 4 0 0 0-5.656-5.656l-3 3a4 4 0 0 0 .225 5.865.75.75 0 0 0 .977-1.138 2.5 2.5 0 0 1-.142-3.667l3-3Z\"}),(0,e.jsx)(n.path,{d:\"M11.603 7.963a.75.75 0 0 0-.977 1.138 2.5 2.5 0 0 1 .142 3.667l-3 3a2.5 2.5 0 0 1-3.536-3.536l1.225-1.224a.75.75 0 0 0-1.061-1.06l-1.224 1.224a4 4 0 1 0 5.656 5.656l3-3a4 4 0 0 0-.225-5.865Z\"})]})})})}),\"Code Blocks\"]}),(0,e.jsx)(n.p,{children:\"Some Javascript code\"}),(0,e.jsx)(n.pre,{className:\"language-javascript\",children:(0,e.jsxs)(n.code,{className:\"code-highlight language-javascript\",children:[(0,e.jsxs)(n.span,{className:\"code-line\",children:[(0,e.jsx)(n.span,{className:\"token keyword\",children:\"var\"}),\" num1\",(0,e.jsx)(n.span,{className:\"token punctuation\",children:\",\"}),\" num2\",(0,e.jsx)(n.span,{className:\"token punctuation\",children:\",\"}),` sum\n`]}),(0,e.jsxs)(n.span,{className:\"code-line\",children:[\"num1 \",(0,e.jsx)(n.span,{className:\"token operator\",children:\"=\"}),\" \",(0,e.jsx)(n.span,{className:\"token function\",children:\"prompt\"}),(0,e.jsx)(n.span,{className:\"token punctuation\",children:\"(\"}),(0,e.jsx)(n.span,{className:\"token string\",children:\"'Enter first number'\"}),(0,e.jsx)(n.span,{className:\"token punctuation\",children:\")\"}),`\n`]}),(0,e.jsxs)(n.span,{className:\"code-line\",children:[\"num2 \",(0,e.jsx)(n.span,{className:\"token operator\",children:\"=\"}),\" \",(0,e.jsx)(n.span,{className:\"token function\",children:\"prompt\"}),(0,e.jsx)(n.span,{className:\"token punctuation\",children:\"(\"}),(0,e.jsx)(n.span,{className:\"token string\",children:\"'Enter second number'\"}),(0,e.jsx)(n.span,{className:\"token punctuation\",children:\")\"}),`\n`]}),(0,e.jsxs)(n.span,{className:\"code-line\",children:[\"sum \",(0,e.jsx)(n.span,{className:\"token operator\",children:\"=\"}),\" \",(0,e.jsx)(n.span,{className:\"token function\",children:\"parseInt\"}),(0,e.jsx)(n.span,{className:\"token punctuation\",children:\"(\"}),\"num1\",(0,e.jsx)(n.span,{className:\"token punctuation\",children:\")\"}),\" \",(0,e.jsx)(n.span,{className:\"token operator\",children:\"+\"}),\" \",(0,e.jsx)(n.span,{className:\"token function\",children:\"parseInt\"}),(0,e.jsx)(n.span,{className:\"token punctuation\",children:\"(\"}),\"num2\",(0,e.jsx)(n.span,{className:\"token punctuation\",children:\")\"}),\" \",(0,e.jsx)(n.span,{className:\"token comment\",children:'// \"+\" means \"add\"'}),`\n`]}),(0,e.jsxs)(n.span,{className:\"code-line\",children:[(0,e.jsx)(n.span,{className:\"token function\",children:\"alert\"}),(0,e.jsx)(n.span,{className:\"token punctuation\",children:\"(\"}),(0,e.jsx)(n.span,{className:\"token string\",children:\"'Sum = '\"}),\" \",(0,e.jsx)(n.span,{className:\"token operator\",children:\"+\"}),\" sum\",(0,e.jsx)(n.span,{className:\"token punctuation\",children:\")\"}),\" \",(0,e.jsx)(n.span,{className:\"token comment\",children:'// \"+\" means combine into a string'}),`\n`]})]})}),(0,e.jsx)(n.p,{children:\"Some Python code \\u{1F40D}\"}),(0,e.jsx)(n.pre,{className:\"language-python\",children:(0,e.jsxs)(n.code,{className:\"code-highlight language-python\",children:[(0,e.jsxs)(n.span,{className:\"code-line\",children:[(0,e.jsx)(n.span,{className:\"token keyword\",children:\"def\"}),\" \",(0,e.jsx)(n.span,{className:\"token function\",children:\"fib\"}),(0,e.jsx)(n.span,{className:\"token punctuation\",children:\"(\"}),(0,e.jsx)(n.span,{className:\"token punctuation\",children:\")\"}),(0,e.jsx)(n.span,{className:\"token punctuation\",children:\":\"}),`\n`]}),(0,e.jsxs)(n.span,{className:\"code-line\",children:[\"    a\",(0,e.jsx)(n.span,{className:\"token punctuation\",children:\",\"}),\" b \",(0,e.jsx)(n.span,{className:\"token operator\",children:\"=\"}),\" \",(0,e.jsx)(n.span,{className:\"token number\",children:\"0\"}),(0,e.jsx)(n.span,{className:\"token punctuation\",children:\",\"}),\" \",(0,e.jsx)(n.span,{className:\"token number\",children:\"1\"}),`\n`]}),(0,e.jsxs)(n.span,{className:\"code-line\",children:[\"    \",(0,e.jsx)(n.span,{className:\"token keyword\",children:\"while\"}),\" \",(0,e.jsx)(n.span,{className:\"token boolean\",children:\"True\"}),(0,e.jsx)(n.span,{className:\"token punctuation\",children:\":\"}),\"            \",(0,e.jsx)(n.span,{className:\"token comment\",children:\"# First iteration:\"}),`\n`]}),(0,e.jsxs)(n.span,{className:\"code-line\",children:[\"        \",(0,e.jsx)(n.span,{className:\"token keyword\",children:\"yield\"}),\" a            \",(0,e.jsx)(n.span,{className:\"token comment\",children:\"# yield 0 to start with and then\"}),`\n`]}),(0,e.jsxs)(n.span,{className:\"code-line\",children:[\"        a\",(0,e.jsx)(n.span,{className:\"token punctuation\",children:\",\"}),\" b \",(0,e.jsx)(n.span,{className:\"token operator\",children:\"=\"}),\" b\",(0,e.jsx)(n.span,{className:\"token punctuation\",children:\",\"}),\" a \",(0,e.jsx)(n.span,{className:\"token operator\",children:\"+\"}),\" b    \",(0,e.jsx)(n.span,{className:\"token comment\",children:\"# a will now be 1, and b will also be 1, (0 + 1)\"}),`\n`]}),(0,e.jsx)(n.span,{className:\"code-line\",children:`\n`}),(0,e.jsxs)(n.span,{className:\"code-line\",children:[(0,e.jsx)(n.span,{className:\"token keyword\",children:\"for\"}),\" index\",(0,e.jsx)(n.span,{className:\"token punctuation\",children:\",\"}),\" fibonacci_number \",(0,e.jsx)(n.span,{className:\"token keyword\",children:\"in\"}),\" \",(0,e.jsx)(n.span,{className:\"token builtin\",children:\"zip\"}),(0,e.jsx)(n.span,{className:\"token punctuation\",children:\"(\"}),(0,e.jsx)(n.span,{className:\"token builtin\",children:\"range\"}),(0,e.jsx)(n.span,{className:\"token punctuation\",children:\"(\"}),(0,e.jsx)(n.span,{className:\"token number\",children:\"10\"}),(0,e.jsx)(n.span,{className:\"token punctuation\",children:\")\"}),(0,e.jsx)(n.span,{className:\"token punctuation\",children:\",\"}),\" fib\",(0,e.jsx)(n.span,{className:\"token punctuation\",children:\"(\"}),(0,e.jsx)(n.span,{className:\"token punctuation\",children:\")\"}),(0,e.jsx)(n.span,{className:\"token punctuation\",children:\")\"}),(0,e.jsx)(n.span,{className:\"token punctuation\",children:\":\"}),`\n`]}),(0,e.jsxs)(n.span,{className:\"code-line\",children:[\"     \",(0,e.jsx)(n.span,{className:\"token keyword\",children:\"print\"}),(0,e.jsx)(n.span,{className:\"token punctuation\",children:\"(\"}),(0,e.jsx)(n.span,{className:\"token string\",children:\"'{i:3}: {f:3}'\"}),(0,e.jsx)(n.span,{className:\"token punctuation\",children:\".\"}),(0,e.jsx)(n.span,{className:\"token builtin\",children:\"format\"}),(0,e.jsx)(n.span,{className:\"token punctuation\",children:\"(\"}),\"i\",(0,e.jsx)(n.span,{className:\"token operator\",children:\"=\"}),\"index\",(0,e.jsx)(n.span,{className:\"token punctuation\",children:\",\"}),\" f\",(0,e.jsx)(n.span,{className:\"token operator\",children:\"=\"}),\"fibonacci_number\",(0,e.jsx)(n.span,{className:\"token punctuation\",children:\")\"}),(0,e.jsx)(n.span,{className:\"token punctuation\",children:\")\"}),`\n`]})]})})]})}function p(a={}){let{wrapper:n}=a.components||{};return n?(0,e.jsx)(n,{...a,children:(0,e.jsx)(d,{...a})}):d(a)}return b(y);})();\n;return Component;"
  },
  "_id": "blog/code-sample.mdx",
  "_raw": {
    "sourceFilePath": "blog/code-sample.mdx",
    "sourceFileName": "code-sample.mdx",
    "sourceFileDir": "blog",
    "contentType": "mdx",
    "flattenedPath": "blog/code-sample"
  },
  "type": "Blog",
  "readingTime": {
    "text": "1 min read",
    "minutes": 0.595,
    "time": 35700,
    "words": 119
  },
  "slug": "code-sample",
  "path": "blog/code-sample",
  "filePath": "blog/code-sample.mdx",
  "toc": [
    {
      "value": "Inline Highlighting",
      "url": "#inline-highlighting",
      "depth": 2
    },
    {
      "value": "Code Blocks",
      "url": "#code-blocks",
      "depth": 2
    }
  ],
  "structuredData": {
    "@context": "https://schema.org",
    "@type": "BlogPosting",
    "headline": "Sample .md file",
    "datePublished": "2016-03-08T00:00:00.000Z",
    "dateModified": "2016-03-08T00:00:00.000Z",
    "description": "Example of a markdown file with code blocks and syntax highlighting",
    "image": "/static/images/twitter-card.png",
    "url": "https://tailwind-nextjs-starter-blog.vercel.app/blog/code-sample"
  }
}