{
  "title": "The Time Machine",
  "date": "2018-08-15T00:00:00.000Z",
  "tags": [
    "writings",
    "book",
    "reflection"
  ],
  "draft": false,
  "summary": "The Time Traveller (for so it will be convenient to speak of him) was expounding a recondite matter to us. His pale grey eyes shone and twinkled, and his usually pale face was flushed and animated...",
  "body": {
    "raw": "\n# The Time Machine by H. G. Wells\n\n_Title_: The Time Machine\n\n_Author_: H. G. Wells\n\n_Subject_: Science Fiction\n\n_Language_: English\n\n_Source_: [Project Gutenberg](https://www.gutenberg.org/ebooks/35)\n\n## Introduction\n\nThe Time Traveller (for so it will be convenient to speak of him) was\nexpounding a recondite matter to us. His pale grey eyes shone and\ntwinkled, and his usually pale face was flushed and animated. The fire\nburnt brightly, and the soft radiance of the incandescent lights in the\nlilies of silver caught the bubbles that flashed and passed in our\nglasses. Our chairs, being his patents, embraced and caressed us rather\nthan submitted to be sat upon, and there was that luxurious\nafter-dinner atmosphere, when thought runs gracefully free of the\ntrammels of precision. And he put it to us in this way—marking the\npoints with a lean forefinger—as we sat and lazily admired his\nearnestness over this new paradox (as we thought it) and his fecundity.\n\n“You must follow me carefully. I shall have to controvert one or two\nideas that are almost universally accepted. The geometry, for instance,\nthey taught you at school is founded on a misconception.”\n\n“Is not that rather a large thing to expect us to begin upon?” said\nFilby, an argumentative person with red hair.\n\n“I do not mean to ask you to accept anything without reasonable ground\nfor it. You will soon admit as much as I need from you. You know of\ncourse that a mathematical line, a line of thickness _nil_, has no real\nexistence. They taught you that? Neither has a mathematical plane.\nThese things are mere abstractions.”\n\n“That is all right,” said the Psychologist.\n\n“Nor, having only length, breadth, and thickness, can a cube have a\nreal existence.”\n\n“There I object,” said Filby. “Of course a solid body may exist. All\nreal things—”\n\n“So most people think. But wait a moment. Can an _instantaneous_ cube\nexist?”\n\n“Don’t follow you,” said Filby.\n\n“Can a cube that does not last for any time at all, have a real\nexistence?”\n\nFilby became pensive. “Clearly,” the Time Traveller proceeded, “any\nreal body must have extension in _four_ directions: it must have\nLength, Breadth, Thickness, and—Duration. But through a natural\ninfirmity of the flesh, which I will explain to you in a moment, we\nincline to overlook this fact. There are really four dimensions, three\nwhich we call the three planes of Space, and a fourth, Time. There is,\nhowever, a tendency to draw an unreal distinction between the former\nthree dimensions and the latter, because it happens that our\nconsciousness moves intermittently in one direction along the latter\nfrom the beginning to the end of our lives.”\n\n“That,” said a very young man, making spasmodic efforts to relight his\ncigar over the lamp; “that . . . very clear indeed.”\n\n“Now, it is very remarkable that this is so extensively overlooked,”\ncontinued the Time Traveller, with a slight accession of cheerfulness.\n“Really this is what is meant by the Fourth Dimension, though some\npeople who talk about the Fourth Dimension do not know they mean it. It\nis only another way of looking at Time. _There is no difference between\nTime and any of the three dimensions of Space except that our\nconsciousness moves along it_. But some foolish people have got hold of\nthe wrong side of that idea. You have all heard what they have to say\nabout this Fourth Dimension?”\n\n“_I_ have not,” said the Provincial Mayor.\n\n“It is simply this. That Space, as our mathematicians have it, is\nspoken of as having three dimensions, which one may call Length,\nBreadth, and Thickness, and is always definable by reference to three\nplanes, each at right angles to the others. But some philosophical\npeople have been asking why _three_ dimensions particularly—why not\nanother direction at right angles to the other three?—and have even\ntried to construct a Four-Dimensional geometry. Professor Simon Newcomb\nwas expounding this to the New York Mathematical Society only a month\nor so ago. You know how on a flat surface, which has only two\ndimensions, we can represent a figure of a three-dimensional solid, and\nsimilarly they think that by models of three dimensions they could\nrepresent one of four—if they could master the perspective of the\nthing. See?”\n\n“I think so,” murmured the Provincial Mayor; and, knitting his brows,\nhe lapsed into an introspective state, his lips moving as one who\nrepeats mystic words. “Yes, I think I see it now,” he said after some\ntime, brightening in a quite transitory manner.\n\n“Well, I do not mind telling you I have been at work upon this geometry\nof Four Dimensions for some time. Some of my results are curious. For\ninstance, here is a portrait of a man at eight years old, another at\nfifteen, another at seventeen, another at twenty-three, and so on. All\nthese are evidently sections, as it were, Three-Dimensional\nrepresentations of his Four-Dimensioned being, which is a fixed and\nunalterable thing.\n\n“Scientific people,” proceeded the Time Traveller, after the pause\nrequired for the proper assimilation of this, “know very well that Time\nis only a kind of Space. Here is a popular scientific diagram, a\nweather record. This line I trace with my finger shows the movement of\nthe barometer. Yesterday it was so high, yesterday night it fell, then\nthis morning it rose again, and so gently upward to here. Surely the\nmercury did not trace this line in any of the dimensions of Space\ngenerally recognised? But certainly it traced such a line, and that\nline, therefore, we must conclude, was along the Time-Dimension.”\n\n“But,” said the Medical Man, staring hard at a coal in the fire, “if\nTime is really only a fourth dimension of Space, why is it, and why has\nit always been, regarded as something different? And why cannot we move\nin Time as we move about in the other dimensions of Space?”\n\nThe Time Traveller smiled. “Are you so sure we can move freely in\nSpace? Right and left we can go, backward and forward freely enough,\nand men always have done so. I admit we move freely in two dimensions.\nBut how about up and down? Gravitation limits us there.”\n\n“Not exactly,” said the Medical Man. “There are balloons.”\n\n“But before the balloons, save for spasmodic jumping and the\ninequalities of the surface, man had no freedom of vertical movement.”\n\n“Still they could move a little up and down,” said the Medical Man.\n\n“Easier, far easier down than up.”\n\n“And you cannot move at all in Time, you cannot get away from the\npresent moment.”\n\n“My dear sir, that is just where you are wrong. That is just where the\nwhole world has gone wrong. We are always getting away from the present\nmoment. Our mental existences, which are immaterial and have no\ndimensions, are passing along the Time-Dimension with a uniform\nvelocity from the cradle to the grave. Just as we should travel _down_\nif we began our existence fifty miles above the earth’s surface.”\n\n“But the great difficulty is this,” interrupted the Psychologist. ’You\n_can_ move about in all directions of Space, but you cannot move about\nin Time.”\n\n“That is the germ of my great discovery. But you are wrong to say that\nwe cannot move about in Time. For instance, if I am recalling an\nincident very vividly I go back to the instant of its occurrence: I\nbecome absent-minded, as you say. I jump back for a moment. Of course\nwe have no means of staying back for any length of Time, any more than\na savage or an animal has of staying six feet above the ground. But a\ncivilised man is better off than the savage in this respect. He can go\nup against gravitation in a balloon, and why should he not hope that\nultimately he may be able to stop or accelerate his drift along the\nTime-Dimension, or even turn about and travel the other way?”\n\n“Oh, _this_,” began Filby, “is all—”\n\n“Why not?” said the Time Traveller.\n\n“It’s against reason,” said Filby.\n\n“What reason?” said the Time Traveller.\n\n“You can show black is white by argument,” said Filby, “but you will\nnever convince me.”\n\n“Possibly not,” said the Time Traveller. “But now you begin to see the\nobject of my investigations into the geometry of Four Dimensions. Long\nago I had a vague inkling of a machine—”\n\n“To travel through Time!” exclaimed the Very Young Man.\n\n“That shall travel indifferently in any direction of Space and Time, as\nthe driver determines.”\n\nFilby contented himself with laughter.\n\n“But I have experimental verification,” said the Time Traveller.\n\n“It would be remarkably convenient for the historian,” the Psychologist\nsuggested. “One might travel back and verify the accepted account of\nthe Battle of Hastings, for instance!”\n\n“Don’t you think you would attract attention?” said the Medical Man.\n“Our ancestors had no great tolerance for anachronisms.”\n\n“One might get one’s Greek from the very lips of Homer and Plato,” the\nVery Young Man thought.\n\n“In which case they would certainly plough you for the Little-go. The\nGerman scholars have improved Greek so much.”\n\n“Then there is the future,” said the Very Young Man. “Just think! One\nmight invest all one’s money, leave it to accumulate at interest, and\nhurry on ahead!”\n\n“To discover a society,” said I, “erected on a strictly communistic\nbasis.”\n\n“Of all the wild extravagant theories!” began the Psychologist.\n\n“Yes, so it seemed to me, and so I never talked of it until—”\n\n“Experimental verification!” cried I. “You are going to verify _that_?”\n\n“The experiment!” cried Filby, who was getting brain-weary.\n\n“Let’s see your experiment anyhow,” said the Psychologist, “though it’s\nall humbug, you know.”\n\nThe Time Traveller smiled round at us. Then, still smiling faintly, and\nwith his hands deep in his trousers pockets, he walked slowly out of\nthe room, and we heard his slippers shuffling down the long passage to\nhis laboratory.\n\nThe Psychologist looked at us. “I wonder what he’s got?”\n\n“Some sleight-of-hand trick or other,” said the Medical Man, and Filby\ntried to tell us about a conjuror he had seen at Burslem, but before he\nhad finished his preface the Time Traveller came back, and Filby’s\nanecdote collapsed.\n",
    "code": "var Component=(()=>{var m=Object.create;var o=Object.defineProperty;var u=Object.getOwnPropertyDescriptor;var p=Object.getOwnPropertyNames;var y=Object.getPrototypeOf,f=Object.prototype.hasOwnProperty;var g=(a,e)=>()=>(e||a((e={exports:{}}).exports,e),e.exports),w=(a,e)=>{for(var n in e)o(a,n,{get:e[n],enumerable:!0})},h=(a,e,n,r)=>{if(e&&typeof e==\"object\"||typeof e==\"function\")for(let i of p(e))!f.call(a,i)&&i!==n&&o(a,i,{get:()=>e[i],enumerable:!(r=u(e,i))||r.enumerable});return a};var v=(a,e,n)=>(n=a!=null?m(y(a)):{},h(e||!a||!a.__esModule?o(n,\"default\",{value:a,enumerable:!0}):n,a)),b=a=>h(o({},\"__esModule\",{value:!0}),a);var l=g((I,s)=>{s.exports=_jsx_runtime});var k={};w(k,{default:()=>c,frontmatter:()=>T});var t=v(l()),T={title:\"The Time Machine\",date:\"2018-08-15\",tags:[\"writings\",\"book\",\"reflection\"],draft:!1,summary:\"The Time Traveller (for so it will be convenient to speak of him) was expounding a recondite matter to us. His pale grey eyes shone and twinkled, and his usually pale face was flushed and animated...\"};function d(a){let e={a:\"a\",em:\"em\",h1:\"h1\",h2:\"h2\",p:\"p\",path:\"path\",span:\"span\",svg:\"svg\",...a.components};return(0,t.jsxs)(t.Fragment,{children:[(0,t.jsxs)(e.h1,{className:\"content-header\",id:\"the-time-machine-by-h-g-wells\",children:[(0,t.jsx)(e.a,{href:\"#the-time-machine-by-h-g-wells\",\"aria-hidden\":\"true\",tabIndex:\"-1\",children:(0,t.jsx)(t.Fragment,{children:(0,t.jsx)(e.span,{className:\"content-header-link\",children:(0,t.jsxs)(e.svg,{className:\"h-5 linkicon w-5\",fill:\"currentColor\",viewBox:\"0 0 20 20\",xmlns:\"http://www.w3.org/2000/svg\",children:[(0,t.jsx)(e.path,{d:\"M12.232 4.232a2.5 2.5 0 0 1 3.536 3.536l-1.225 1.224a.75.75 0 0 0 1.061 1.06l1.224-1.224a4 4 0 0 0-5.656-5.656l-3 3a4 4 0 0 0 .225 5.865.75.75 0 0 0 .977-1.138 2.5 2.5 0 0 1-.142-3.667l3-3Z\"}),(0,t.jsx)(e.path,{d:\"M11.603 7.963a.75.75 0 0 0-.977 1.138 2.5 2.5 0 0 1 .142 3.667l-3 3a2.5 2.5 0 0 1-3.536-3.536l1.225-1.224a.75.75 0 0 0-1.061-1.06l-1.224 1.224a4 4 0 1 0 5.656 5.656l3-3a4 4 0 0 0-.225-5.865Z\"})]})})})}),\"The Time Machine by H. G. Wells\"]}),(0,t.jsxs)(e.p,{children:[(0,t.jsx)(e.em,{children:\"Title\"}),\": The Time Machine\"]}),(0,t.jsxs)(e.p,{children:[(0,t.jsx)(e.em,{children:\"Author\"}),\": H. G. Wells\"]}),(0,t.jsxs)(e.p,{children:[(0,t.jsx)(e.em,{children:\"Subject\"}),\": Science Fiction\"]}),(0,t.jsxs)(e.p,{children:[(0,t.jsx)(e.em,{children:\"Language\"}),\": English\"]}),(0,t.jsxs)(e.p,{children:[(0,t.jsx)(e.em,{children:\"Source\"}),\": \",(0,t.jsx)(e.a,{href:\"https://www.gutenberg.org/ebooks/35\",children:\"Project Gutenberg\"})]}),(0,t.jsxs)(e.h2,{className:\"content-header\",id:\"introduction\",children:[(0,t.jsx)(e.a,{href:\"#introduction\",\"aria-hidden\":\"true\",tabIndex:\"-1\",children:(0,t.jsx)(t.Fragment,{children:(0,t.jsx)(e.span,{className:\"content-header-link\",children:(0,t.jsxs)(e.svg,{className:\"h-5 linkicon w-5\",fill:\"currentColor\",viewBox:\"0 0 20 20\",xmlns:\"http://www.w3.org/2000/svg\",children:[(0,t.jsx)(e.path,{d:\"M12.232 4.232a2.5 2.5 0 0 1 3.536 3.536l-1.225 1.224a.75.75 0 0 0 1.061 1.06l1.224-1.224a4 4 0 0 0-5.656-5.656l-3 3a4 4 0 0 0 .225 5.865.75.75 0 0 0 .977-1.138 2.5 2.5 0 0 1-.142-3.667l3-3Z\"}),(0,t.jsx)(e.path,{d:\"M11.603 7.963a.75.75 0 0 0-.977 1.138 2.5 2.5 0 0 1 .142 3.667l-3 3a2.5 2.5 0 0 1-3.536-3.536l1.225-1.224a.75.75 0 0 0-1.061-1.06l-1.224 1.224a4 4 0 1 0 5.656 5.656l3-3a4 4 0 0 0-.225-5.865Z\"})]})})})}),\"Introduction\"]}),(0,t.jsx)(e.p,{children:\"The Time Traveller (for so it will be convenient to speak of him) was expounding a recondite matter to us. His pale grey eyes shone and twinkled, and his usually pale face was flushed and animated. The fire burnt brightly, and the soft radiance of the incandescent lights in the lilies of silver caught the bubbles that flashed and passed in our glasses. Our chairs, being his patents, embraced and caressed us rather than submitted to be sat upon, and there was that luxurious after-dinner atmosphere, when thought runs gracefully free of the trammels of precision. And he put it to us in this way\\u2014marking the points with a lean forefinger\\u2014as we sat and lazily admired his earnestness over this new paradox (as we thought it) and his fecundity.\"}),(0,t.jsx)(e.p,{children:\"\\u201CYou must follow me carefully. I shall have to controvert one or two ideas that are almost universally accepted. The geometry, for instance, they taught you at school is founded on a misconception.\\u201D\"}),(0,t.jsx)(e.p,{children:\"\\u201CIs not that rather a large thing to expect us to begin upon?\\u201D said Filby, an argumentative person with red hair.\"}),(0,t.jsxs)(e.p,{children:[\"\\u201CI do not mean to ask you to accept anything without reasonable ground for it. You will soon admit as much as I need from you. You know of course that a mathematical line, a line of thickness \",(0,t.jsx)(e.em,{children:\"nil\"}),\", has no real existence. They taught you that? Neither has a mathematical plane. These things are mere abstractions.\\u201D\"]}),(0,t.jsx)(e.p,{children:\"\\u201CThat is all right,\\u201D said the Psychologist.\"}),(0,t.jsx)(e.p,{children:\"\\u201CNor, having only length, breadth, and thickness, can a cube have a real existence.\\u201D\"}),(0,t.jsx)(e.p,{children:\"\\u201CThere I object,\\u201D said Filby. \\u201COf course a solid body may exist. All real things\\u2014\\u201D\"}),(0,t.jsxs)(e.p,{children:[\"\\u201CSo most people think. But wait a moment. Can an \",(0,t.jsx)(e.em,{children:\"instantaneous\"}),\" cube exist?\\u201D\"]}),(0,t.jsx)(e.p,{children:\"\\u201CDon\\u2019t follow you,\\u201D said Filby.\"}),(0,t.jsx)(e.p,{children:\"\\u201CCan a cube that does not last for any time at all, have a real existence?\\u201D\"}),(0,t.jsxs)(e.p,{children:[\"Filby became pensive. \\u201CClearly,\\u201D the Time Traveller proceeded, \\u201Cany real body must have extension in \",(0,t.jsx)(e.em,{children:\"four\"}),\" directions: it must have Length, Breadth, Thickness, and\\u2014Duration. But through a natural infirmity of the flesh, which I will explain to you in a moment, we incline to overlook this fact. There are really four dimensions, three which we call the three planes of Space, and a fourth, Time. There is, however, a tendency to draw an unreal distinction between the former three dimensions and the latter, because it happens that our consciousness moves intermittently in one direction along the latter from the beginning to the end of our lives.\\u201D\"]}),(0,t.jsx)(e.p,{children:\"\\u201CThat,\\u201D said a very young man, making spasmodic efforts to relight his cigar over the lamp; \\u201Cthat . . . very clear indeed.\\u201D\"}),(0,t.jsxs)(e.p,{children:[\"\\u201CNow, it is very remarkable that this is so extensively overlooked,\\u201D continued the Time Traveller, with a slight accession of cheerfulness. \\u201CReally this is what is meant by the Fourth Dimension, though some people who talk about the Fourth Dimension do not know they mean it. It is only another way of looking at Time. \",(0,t.jsx)(e.em,{children:\"There is no difference between Time and any of the three dimensions of Space except that our consciousness moves along it\"}),\". But some foolish people have got hold of the wrong side of that idea. You have all heard what they have to say about this Fourth Dimension?\\u201D\"]}),(0,t.jsxs)(e.p,{children:[\"\\u201C\",(0,t.jsx)(e.em,{children:\"I\"}),\" have not,\\u201D said the Provincial Mayor.\"]}),(0,t.jsxs)(e.p,{children:[\"\\u201CIt is simply this. That Space, as our mathematicians have it, is spoken of as having three dimensions, which one may call Length, Breadth, and Thickness, and is always definable by reference to three planes, each at right angles to the others. But some philosophical people have been asking why \",(0,t.jsx)(e.em,{children:\"three\"}),\" dimensions particularly\\u2014why not another direction at right angles to the other three?\\u2014and have even tried to construct a Four-Dimensional geometry. Professor Simon Newcomb was expounding this to the New York Mathematical Society only a month or so ago. You know how on a flat surface, which has only two dimensions, we can represent a figure of a three-dimensional solid, and similarly they think that by models of three dimensions they could represent one of four\\u2014if they could master the perspective of the thing. See?\\u201D\"]}),(0,t.jsx)(e.p,{children:\"\\u201CI think so,\\u201D murmured the Provincial Mayor; and, knitting his brows, he lapsed into an introspective state, his lips moving as one who repeats mystic words. \\u201CYes, I think I see it now,\\u201D he said after some time, brightening in a quite transitory manner.\"}),(0,t.jsx)(e.p,{children:\"\\u201CWell, I do not mind telling you I have been at work upon this geometry of Four Dimensions for some time. Some of my results are curious. For instance, here is a portrait of a man at eight years old, another at fifteen, another at seventeen, another at twenty-three, and so on. All these are evidently sections, as it were, Three-Dimensional representations of his Four-Dimensioned being, which is a fixed and unalterable thing.\"}),(0,t.jsx)(e.p,{children:\"\\u201CScientific people,\\u201D proceeded the Time Traveller, after the pause required for the proper assimilation of this, \\u201Cknow very well that Time is only a kind of Space. Here is a popular scientific diagram, a weather record. This line I trace with my finger shows the movement of the barometer. Yesterday it was so high, yesterday night it fell, then this morning it rose again, and so gently upward to here. Surely the mercury did not trace this line in any of the dimensions of Space generally recognised? But certainly it traced such a line, and that line, therefore, we must conclude, was along the Time-Dimension.\\u201D\"}),(0,t.jsx)(e.p,{children:\"\\u201CBut,\\u201D said the Medical Man, staring hard at a coal in the fire, \\u201Cif Time is really only a fourth dimension of Space, why is it, and why has it always been, regarded as something different? And why cannot we move in Time as we move about in the other dimensions of Space?\\u201D\"}),(0,t.jsx)(e.p,{children:\"The Time Traveller smiled. \\u201CAre you so sure we can move freely in Space? Right and left we can go, backward and forward freely enough, and men always have done so. I admit we move freely in two dimensions. But how about up and down? Gravitation limits us there.\\u201D\"}),(0,t.jsx)(e.p,{children:\"\\u201CNot exactly,\\u201D said the Medical Man. \\u201CThere are balloons.\\u201D\"}),(0,t.jsx)(e.p,{children:\"\\u201CBut before the balloons, save for spasmodic jumping and the inequalities of the surface, man had no freedom of vertical movement.\\u201D\"}),(0,t.jsx)(e.p,{children:\"\\u201CStill they could move a little up and down,\\u201D said the Medical Man.\"}),(0,t.jsx)(e.p,{children:\"\\u201CEasier, far easier down than up.\\u201D\"}),(0,t.jsx)(e.p,{children:\"\\u201CAnd you cannot move at all in Time, you cannot get away from the present moment.\\u201D\"}),(0,t.jsxs)(e.p,{children:[\"\\u201CMy dear sir, that is just where you are wrong. That is just where the whole world has gone wrong. We are always getting away from the present moment. Our mental existences, which are immaterial and have no dimensions, are passing along the Time-Dimension with a uniform velocity from the cradle to the grave. Just as we should travel \",(0,t.jsx)(e.em,{children:\"down\"}),\" if we began our existence fifty miles above the earth\\u2019s surface.\\u201D\"]}),(0,t.jsxs)(e.p,{children:[\"\\u201CBut the great difficulty is this,\\u201D interrupted the Psychologist. \\u2019You \",(0,t.jsx)(e.em,{children:\"can\"}),\" move about in all directions of Space, but you cannot move about in Time.\\u201D\"]}),(0,t.jsx)(e.p,{children:\"\\u201CThat is the germ of my great discovery. But you are wrong to say that we cannot move about in Time. For instance, if I am recalling an incident very vividly I go back to the instant of its occurrence: I become absent-minded, as you say. I jump back for a moment. Of course we have no means of staying back for any length of Time, any more than a savage or an animal has of staying six feet above the ground. But a civilised man is better off than the savage in this respect. He can go up against gravitation in a balloon, and why should he not hope that ultimately he may be able to stop or accelerate his drift along the Time-Dimension, or even turn about and travel the other way?\\u201D\"}),(0,t.jsxs)(e.p,{children:[\"\\u201COh, \",(0,t.jsx)(e.em,{children:\"this\"}),\",\\u201D began Filby, \\u201Cis all\\u2014\\u201D\"]}),(0,t.jsx)(e.p,{children:\"\\u201CWhy not?\\u201D said the Time Traveller.\"}),(0,t.jsx)(e.p,{children:\"\\u201CIt\\u2019s against reason,\\u201D said Filby.\"}),(0,t.jsx)(e.p,{children:\"\\u201CWhat reason?\\u201D said the Time Traveller.\"}),(0,t.jsx)(e.p,{children:\"\\u201CYou can show black is white by argument,\\u201D said Filby, \\u201Cbut you will never convince me.\\u201D\"}),(0,t.jsx)(e.p,{children:\"\\u201CPossibly not,\\u201D said the Time Traveller. \\u201CBut now you begin to see the object of my investigations into the geometry of Four Dimensions. Long ago I had a vague inkling of a machine\\u2014\\u201D\"}),(0,t.jsx)(e.p,{children:\"\\u201CTo travel through Time!\\u201D exclaimed the Very Young Man.\"}),(0,t.jsx)(e.p,{children:\"\\u201CThat shall travel indifferently in any direction of Space and Time, as the driver determines.\\u201D\"}),(0,t.jsx)(e.p,{children:\"Filby contented himself with laughter.\"}),(0,t.jsx)(e.p,{children:\"\\u201CBut I have experimental verification,\\u201D said the Time Traveller.\"}),(0,t.jsx)(e.p,{children:\"\\u201CIt would be remarkably convenient for the historian,\\u201D the Psychologist suggested. \\u201COne might travel back and verify the accepted account of the Battle of Hastings, for instance!\\u201D\"}),(0,t.jsx)(e.p,{children:\"\\u201CDon\\u2019t you think you would attract attention?\\u201D said the Medical Man. \\u201COur ancestors had no great tolerance for anachronisms.\\u201D\"}),(0,t.jsx)(e.p,{children:\"\\u201COne might get one\\u2019s Greek from the very lips of Homer and Plato,\\u201D the Very Young Man thought.\"}),(0,t.jsx)(e.p,{children:\"\\u201CIn which case they would certainly plough you for the Little-go. The German scholars have improved Greek so much.\\u201D\"}),(0,t.jsx)(e.p,{children:\"\\u201CThen there is the future,\\u201D said the Very Young Man. \\u201CJust think! One might invest all one\\u2019s money, leave it to accumulate at interest, and hurry on ahead!\\u201D\"}),(0,t.jsx)(e.p,{children:\"\\u201CTo discover a society,\\u201D said I, \\u201Cerected on a strictly communistic basis.\\u201D\"}),(0,t.jsx)(e.p,{children:\"\\u201COf all the wild extravagant theories!\\u201D began the Psychologist.\"}),(0,t.jsx)(e.p,{children:\"\\u201CYes, so it seemed to me, and so I never talked of it until\\u2014\\u201D\"}),(0,t.jsxs)(e.p,{children:[\"\\u201CExperimental verification!\\u201D cried I. \\u201CYou are going to verify \",(0,t.jsx)(e.em,{children:\"that\"}),\"?\\u201D\"]}),(0,t.jsx)(e.p,{children:\"\\u201CThe experiment!\\u201D cried Filby, who was getting brain-weary.\"}),(0,t.jsx)(e.p,{children:\"\\u201CLet\\u2019s see your experiment anyhow,\\u201D said the Psychologist, \\u201Cthough it\\u2019s all humbug, you know.\\u201D\"}),(0,t.jsx)(e.p,{children:\"The Time Traveller smiled round at us. Then, still smiling faintly, and with his hands deep in his trousers pockets, he walked slowly out of the room, and we heard his slippers shuffling down the long passage to his laboratory.\"}),(0,t.jsx)(e.p,{children:\"The Psychologist looked at us. \\u201CI wonder what he\\u2019s got?\\u201D\"}),(0,t.jsx)(e.p,{children:\"\\u201CSome sleight-of-hand trick or other,\\u201D said the Medical Man, and Filby tried to tell us about a conjuror he had seen at Burslem, but before he had finished his preface the Time Traveller came back, and Filby\\u2019s anecdote collapsed.\"})]})}function c(a={}){let{wrapper:e}=a.components||{};return e?(0,t.jsx)(e,{...a,children:(0,t.jsx)(d,{...a})}):d(a)}return b(k);})();\n;return Component;"
  },
  "_id": "blog/the-time-machine.mdx",
  "_raw": {
    "sourceFilePath": "blog/the-time-machine.mdx",
    "sourceFileName": "the-time-machine.mdx",
    "sourceFileDir": "blog",
    "contentType": "mdx",
    "flattenedPath": "blog/the-time-machine"
  },
  "type": "Blog",
  "readingTime": {
    "text": "9 min read",
    "minutes": 8.53,
    "time": 511800,
    "words": 1706
  },
  "slug": "the-time-machine",
  "path": "blog/the-time-machine",
  "filePath": "blog/the-time-machine.mdx",
  "toc": [
    {
      "value": "The Time Machine by H. G. Wells",
      "url": "#the-time-machine-by-h-g-wells",
      "depth": 1
    },
    {
      "value": "Introduction",
      "url": "#introduction-4",
      "depth": 2
    }
  ],
  "structuredData": {
    "@context": "https://schema.org",
    "@type": "BlogPosting",
    "headline": "The Time Machine",
    "datePublished": "2018-08-15T00:00:00.000Z",
    "dateModified": "2018-08-15T00:00:00.000Z",
    "description": "The Time Traveller (for so it will be convenient to speak of him) was expounding a recondite matter to us. His pale grey eyes shone and twinkled, and his usually pale face was flushed and animated...",
    "image": "/static/images/twitter-card.png",
    "url": "https://tailwind-nextjs-starter-blog.vercel.app/blog/the-time-machine"
  }
}