[
  {
    "name": "Tails Azimuth",
    "avatar": "/static/images/avatar.png",
    "occupation": "Professor of Atmospheric Science",
    "company": "Stanford University",
    "email": "address@yoursite.com",
    "twitter": "https://twitter.com/Twitter",
    "linkedin": "https://www.linkedin.com",
    "github": "https://github.com",
    "body": {
      "raw": "\nTails Azimuth is a professor of atmospheric sciences at the Stanford AI Lab. His research interests includes complexity modelling of tailwinds, headwinds and crosswinds.\n\nHe leads the clean energy group which develops 3D air pollution-climate models, writes differential equation solvers, and manufactures titanium plated air ballons. In his free time he bakes raspberry pi.\n\nLorem ipsum dolor sit amet, consectetur adipiscing elit. Sed neque elit, tristique placerat feugiat ac, facilisis vitae arcu. Proin eget egestas augue. Praesent ut sem nec arcu pellentesque aliquet. Duis dapibus diam vel metus tempus vulputate.\n",
      "code": "var Component=(()=>{var d=Object.create;var n=Object.defineProperty;var p=Object.getOwnPropertyDescriptor;var h=Object.getOwnPropertyNames;var f=Object.getPrototypeOf,g=Object.prototype.hasOwnProperty;var w=(e,t)=>()=>(t||e((t={exports:{}}).exports,t),t.exports),x=(e,t)=>{for(var s in t)n(e,s,{get:t[s],enumerable:!0})},o=(e,t,s,r)=>{if(t&&typeof t==\"object\"||typeof t==\"function\")for(let a of h(t))!g.call(e,a)&&a!==s&&n(e,a,{get:()=>t[a],enumerable:!(r=p(t,a))||r.enumerable});return e};var v=(e,t,s)=>(s=e!=null?d(f(e)):{},o(t||!e||!e.__esModule?n(s,\"default\",{value:e,enumerable:!0}):s,e)),b=e=>o(n({},\"__esModule\",{value:!0}),e);var l=w((q,c)=>{c.exports=_jsx_runtime});var _={};x(_,{default:()=>m,frontmatter:()=>y});var i=v(l()),y={name:\"Tails Azimuth\",avatar:\"/static/images/avatar.png\",occupation:\"Professor of Atmospheric Science\",company:\"Stanford University\",email:\"address@yoursite.com\",twitter:\"https://twitter.com/Twitter\",linkedin:\"https://www.linkedin.com\",github:\"https://github.com\"};function u(e){let t={p:\"p\",...e.components};return(0,i.jsxs)(i.Fragment,{children:[(0,i.jsx)(t.p,{children:\"Tails Azimuth is a professor of atmospheric sciences at the Stanford AI Lab. His research interests includes complexity modelling of tailwinds, headwinds and crosswinds.\"}),(0,i.jsx)(t.p,{children:\"He leads the clean energy group which develops 3D air pollution-climate models, writes differential equation solvers, and manufactures titanium plated air ballons. In his free time he bakes raspberry pi.\"}),(0,i.jsx)(t.p,{children:\"Lorem ipsum dolor sit amet, consectetur adipiscing elit. Sed neque elit, tristique placerat feugiat ac, facilisis vitae arcu. Proin eget egestas augue. Praesent ut sem nec arcu pellentesque aliquet. Duis dapibus diam vel metus tempus vulputate.\"})]})}function m(e={}){let{wrapper:t}=e.components||{};return t?(0,i.jsx)(t,{...e,children:(0,i.jsx)(u,{...e})}):u(e)}return b(_);})();\n;return Component;"
    },
    "_id": "authors/default.mdx",
    "_raw": {
      "sourceFilePath": "authors/default.mdx",
      "sourceFileName": "default.mdx",
      "sourceFileDir": "authors",
      "contentType": "mdx",
      "flattenedPath": "authors/default"
    },
    "type": "Authors",
    "readingTime": {
      "text": "1 min read",
      "minutes": 0.45,
      "time": 27000,
      "words": 90
    },
    "slug": "default",
    "path": "authors/default",
    "filePath": "authors/default.mdx",
    "toc": []
  },
  {
    "name": "Sparrow Hawk",
    "avatar": "/static/images/sparrowhawk-avatar.jpg",
    "occupation": "Wizard of Earthsea",
    "company": "Earthsea",
    "twitter": "https://twitter.com/sparrowhawk",
    "linkedin": "https://www.linkedin.com/sparrowhawk",
    "body": {
      "raw": "\nAt birth, Ged was given the child-name Duny by his mother. He was born on the island of Gont, as a son of a bronzesmith. His mother died before he reached the age of one. As a small boy, Ged had overheard the village witch, his maternal aunt, using various words of power to call goats. Ged later used the words without an understanding of their meanings, to surprising effect.\n\nThe witch knew that using words of power effectively without understanding them required innate power, so she endeavored to teach him what little she knew. After learning more from her, he was able to call animals to him. Particularly, he was seen in the company of wild sparrowhawks so often that his \"use name\" became Sparrowhawk.\n",
      "code": "var Component=(()=>{var m=Object.create;var o=Object.defineProperty;var l=Object.getOwnPropertyDescriptor;var p=Object.getOwnPropertyNames;var u=Object.getPrototypeOf,f=Object.prototype.hasOwnProperty;var g=(e,t)=>()=>(t||e((t={exports:{}}).exports,t),t.exports),k=(e,t)=>{for(var n in t)o(e,n,{get:t[n],enumerable:!0})},i=(e,t,n,s)=>{if(t&&typeof t==\"object\"||typeof t==\"function\")for(let r of p(t))!f.call(e,r)&&r!==n&&o(e,r,{get:()=>t[r],enumerable:!(s=l(t,r))||s.enumerable});return e};var x=(e,t,n)=>(n=e!=null?m(u(e)):{},i(t||!e||!e.__esModule?o(n,\"default\",{value:e,enumerable:!0}):n,e)),b=e=>i(o({},\"__esModule\",{value:!0}),e);var w=g((j,h)=>{h.exports=_jsx_runtime});var y={};k(y,{default:()=>d,frontmatter:()=>v});var a=x(w()),v={name:\"Sparrow Hawk\",avatar:\"/static/images/sparrowhawk-avatar.jpg\",occupation:\"Wizard of Earthsea\",company:\"Earthsea\",twitter:\"https://twitter.com/sparrowhawk\",linkedin:\"https://www.linkedin.com/sparrowhawk\"};function c(e){let t={p:\"p\",...e.components};return(0,a.jsxs)(a.Fragment,{children:[(0,a.jsx)(t.p,{children:\"At birth, Ged was given the child-name Duny by his mother. He was born on the island of Gont, as a son of a bronzesmith. His mother died before he reached the age of one. As a small boy, Ged had overheard the village witch, his maternal aunt, using various words of power to call goats. Ged later used the words without an understanding of their meanings, to surprising effect.\"}),(0,a.jsx)(t.p,{children:'The witch knew that using words of power effectively without understanding them required innate power, so she endeavored to teach him what little she knew. After learning more from her, he was able to call animals to him. Particularly, he was seen in the company of wild sparrowhawks so often that his \"use name\" became Sparrowhawk.'})]})}function d(e={}){let{wrapper:t}=e.components||{};return t?(0,a.jsx)(t,{...e,children:(0,a.jsx)(c,{...e})}):c(e)}return b(y);})();\n;return Component;"
    },
    "_id": "authors/sparrowhawk.mdx",
    "_raw": {
      "sourceFilePath": "authors/sparrowhawk.mdx",
      "sourceFileName": "sparrowhawk.mdx",
      "sourceFileDir": "authors",
      "contentType": "mdx",
      "flattenedPath": "authors/sparrowhawk"
    },
    "type": "Authors",
    "readingTime": {
      "text": "1 min read",
      "minutes": 0.63,
      "time": 37800,
      "words": 126
    },
    "slug": "sparrowhawk",
    "path": "authors/sparrowhawk",
    "filePath": "authors/sparrowhawk.mdx",
    "toc": []
  }
]